{
  "k": 24.973936090501432,
  "sigma": 43.60669135899581,
  "draw_base_rate": 0.008794157102399761
}