{
  "k": 27.47210518651189,
  "sigma": 42.16177007244364,
  "draw_base_rate": 0.009188118811881188
}