{"Sydney": 1530.4816594737883, "Essendon": 1349.6486538218376, "Brisbane Bears": 1612.1557388413464, "Geelong": 1643.6180585002967, "North Melbourne": 1363.0909639389386, "Richmond": 1335.0913292430378, "St Kilda": 1463.5086563759676, "Fitzroy": 1160.685662515189, "Footscray": 1380.6571481564529, "Melbourne": 1488.5497656307366, "Collingwood": 1547.2269358532506, "Hawthorn": 1634.6741504547776, "Carlton": 1502.3248049786137, "West Coast": 1236.7840627881696, "Adelaide": 1637.6282942420676, "Fremantle": 1528.4447981215233, "Western Bulldogs": 1690.8076315257538, "Port Adelaide": 1417.847570775866, "Brisbane Lions": 1742.5399883411794, "Kangaroos": 1509.8249701921695, "Gold Coast": 1613.0496483009033, "Greater Western Sydney": 1611.359507928129}