{"Carlton": 1479.8688068064957, "Sydney": 1654.6652707348126, "Essendon": 1420.8221789816325, "Fitzroy": 1145.1969237989854, "Geelong": 1600.5854991055753, "Hawthorn": 1628.8201930963146, "North Melbourne": 1249.71543594969, "Melbourne": 1502.2736543360093, "Brisbane Bears": 1592.6899431200752, "Richmond": 1303.3930524730804, "West Coast": 1281.0573210153482, "Collingwood": 1642.159819663264, "Footscray": 1396.4527863507917, "St Kilda": 1520.7752542859118, "Adelaide": 1499.4540049843486, "Fremantle": 1526.0555863806183, "Port Adelaide": 1561.6729426183952, "Western Bulldogs": 1641.9371142980376, "Brisbane Lions": 1726.9846970662197, "Kangaroos": 1535.7521113145174, "Gold Coast": 1509.3438348051911, "Greater Western Sydney": 1580.3235688146863}