{"Carlton": 1496.7694013443488, "Sydney": 1644.820994721137, "Essendon": 1466.5440864099855, "Fitzroy": 1145.1969237989854, "Geelong": 1596.1332242695382, "Hawthorn": 1615.7759607354367, "North Melbourne": 1211.867448969803, "Melbourne": 1483.7867124753504, "Brisbane Bears": 1592.6899431200752, "Richmond": 1328.287644056943, "West Coast": 1242.9809844033102, "Collingwood": 1653.9184248193305, "Footscray": 1396.4527863507917, "St Kilda": 1537.3382916872044, "Adelaide": 1500.1487588451146, "Fremantle": 1515.9907631537865, "Port Adelaide": 1608.101718971023, "Western Bulldogs": 1591.1870768800973, "Brisbane Lions": 1747.0127201171122, "Kangaroos": 1535.7521113145174, "Gold Coast": 1473.5300594306073, "Greater Western Sydney": 1615.7139641255023}