{
  "dense_1": 192,
  "dense_2": 32,
  "dense_3": 32,
  "dropout": 0.1,
  "learning_rate": 0.0008744680592049602,
  "batch_size": 32,
  "l2": 0.0001432105615596719
}