{
  "dense_1": 256,
  "dense_2": 96,
  "dense_3": 64,
  "dropout": 0.1,
  "learning_rate": 0.00044500138982518113,
  "batch_size": 32,
  "l2": 0.004456355386945742
}