{
  "dense_1": 256,
  "dense_2": 96,
  "dense_3": 64,
  "dropout": 0.15000000000000002,
  "learning_rate": 0.0001576779139585316,
  "batch_size": 32,
  "l2": 0.003252475674994248
}