{
  "dense_1": 128,
  "dense_2": 96,
  "dense_3": 48,
  "dropout": 0.2,
  "learning_rate": 0.00022151027182124743,
  "batch_size": 16,
  "l2": 0.0005022336461695035
}