{
  "dense_1": 192,
  "dense_2": 32,
  "dense_3": 64,
  "dropout": 0.15000000000000002,
  "learning_rate": 0.0008297962089314025,
  "batch_size": 16,
  "l2": 0.00020095924400560382
}